name,window_fn,pct_ratio
Klaryssa,6.666666666666667,2.0
Jahnya,8.5,2.0
Almon,4.8181818181818183,2.0
Wylene,10.202959830866808,2.0
Marializ,162.0,2.125
Eshaan,79.64835164835165,2.5
Rahmel,13.465909090909092,2.5
Paralee,12.641025641025641,2.5
Tanish,18.386363636363637,3.0
Milliana,23.2,3.0
Sakina,16.130681818181817,3.0
Chassidy,249.35121951219512,3.375
Aurore,28.8625,3.5
Meliza,48.2807881773399,4.0
Annalicia,39.905263157894737,4.0
Jasean,48.969696969696969,4.0
Berenise,57.54,4.0
Alora,2351.47311827957,5.0
Malaika,124.18983957219251,5.5
Erline,141.89047619047619,6.5
Artis,373.1690755796447,10.0
Artie,2209.1316146540025,13.0
Tre,21388.353276353275,18.0
Aedan,5674.4904761904763,42.0
Annalee,6301.48,46.0
Rosetta,32792.588332302621,76.0
Nechuma,0.99583333333333335,1.5
Colin,1949238.5522772276,325.0
Anibal,332.71912280701753,9.25
Greysen,2533.3636363636365,9.25
Journie,1424.2666666666667,10.25
Tomika,6834.2605263157893,16.5
Ally,34793.581609195404,35.03125
Alaysia,5702.541538461538,13.28125
Nathanial,10401.406386066763,51.5
Otilia,25.358741258741258,3.0000000000000004
Makynzie,146.09090909090909,7.0000000000000009
Vraj,1.8095238095238095,1.5000000000000002
Finnley,36567.17424242424,52.250000000000007
Hilary,98763.701679731239,133.50000000000003
Latifah,5831.1911764705883,27.750000000000007
Alphonso,6126.26282051282,13.344444444444445
Frederic,4793.5726251665719,20.68888888888889
Markus,13339.392913802221,16.689473684210526
Chauncey,804.09518370454975,10.657142857142858
Shaul,38.174603174603178,3.8596491228070176
Serina,1264.3018867924529,6.0162162162162165
Meriam,15.0,2.88
Janyla,663.63809523809527,4.26
Jarad,251.53623188405797,8.02
Jabez,367.35238095238094,8.52
Nikisha,433.56410256410254,10.52
Harish,1.7,1.44
Slate,1.8095238095238095,1.44
Virgie,29632.396577380954,38.377952755905504
Dusten,31.764705882352942,3.3800000000000003
Dalena,44.677777777777777,3.8800000000000003
Ambrosia,32.410256410256409,3.8800000000000003
Reginaldo,4.9444444444444446,1.4400000000000002
Augustine,1839.7192800276912,2.6722222222222225
Ayari,79.9047619047619,2.1333333333333333
Aminah,4264.630121816168,16.066666666666666
Demetri,839.5737179487179,9.5797101449275353
Haydee,120.7296066252588,3.1726618705035969
Caidence,56.269230769230766,3.4615384615384612
Smantha,0.91666666666666663,1.3207547169811322
Maycee,1226.8842105263159,7.6418918918918912
Maryelizabeth,11.821479374110954,2.2600000000000002
Raveena,20.267857142857142,2.7600000000000002
Marilynne,33.18681318681319,3.7600000000000002
Avayah,68.476190476190482,4.5200000000000005
Naira,76.333333333333329,4.5200000000000005
Lucie,1035.19131614654,17.080000000000002
Annice,5.4678362573099415,1.8800000000000001
Donat,11.277777777777779,1.8800000000000003
Toshiko,233.92666666666668,6.4857142857142867
Marykate,270.19354838709677,9.5490196078431371
Haisley,5577.5,15.690476190476192
Evony,3.0277777777777777,1.7241379310344829
Jillian,1083201.4818295739,197.84057971014491
Zhuri,98.0,1.7777777777777779
Usher,167.31639928698752,6.9245283018867934
Keshon,250.26666666666668,7.2799999999999994
Janique,0.7,1.3199999999999998
Ronika,0.7,1.3199999999999998
Neiva,60.333333333333336,2.7647058823529416
Tadd,16.558823529411764,2.64
Adrielle,124.26666666666667,5.78
Knox,298852.58333333331,263.92
Maaz,65.696428571428569,3.1400000000000006
Anayely,22.666666666666668,2.2666666666666671
Tierney,761.71621621621625,11.816666666666668
Jered,1202.0756302521008,9.2857142857142847
Lavon,1087.6345013477089,14.785714285714285
Kasyn,95.872727272727275,4.1428571428571432
Keonna,169.65036231884059,7.1428571428571432
Shizuye,7.4761904761904763,1.7857142857142858
Loyd,36502.755450372919,75.285714285714292
Sammantha,403.81538461538463,8.6923076923076916
Bhavya,2.3333333333333335,1.4615384615384615
Eleanor,6496440.709155417,32.956018518518526
Shifra,110.7944947209653,4.7746478873239431
Christeen,245.88153310104531,8.58
Ashaki,4.5,1.3287671232876712
Lai,13.25,2.5200000000000005
Kandra,37.527777777777779,3.5200000000000005
Carmina,29.631578947368421,3.5200000000000005
Gerrit,57.192220714608773,5.0400000000000009
Tayah,124.22527472527473,6.0400000000000009
Coreen,150.13090418353576,7.0400000000000009
Samay,4.8,1.7600000000000002
Drevon,8.6190476190476186,1.7600000000000002
Evangelia,9.9261363636363633,1.7600000000000002
Ariya,22733.638095238097,31.1864406779661
Shanika,12369.205747126436,36.771428571428565
Eual,35.0,2.5873015873015874
Wayne,8476204.0507961232,30.690619469026551
Keelie,31.929166666666667,3.2727272727272729
Davyn,4.166666666666667,1.6363636363636365
Rhonda,12352416.512432432,816.81818181818187
Nia,111677.81972789115,24.47428571428571
Tyshae,3.7,1.6296296296296298
Tyrone,343594.04382716049,6.84297520661157
Rusty,29734.713981244673,32.887323943661968
Link,1187.7142857142858,10.971830985915492
Lashea,9.2380952380952372,2.4
Platon,12.0,2.4
Renetta,12.608225108225108,2.4
Aissata,14.4625,2.9
Jeanpierre,17.168253968253968,2.9
Myisha,118.32763532763532,3.4
Endia,83.769230769230774,3.4
Corwin,79.600784313725484,5.8
Adyn,358.37912087912088,5.8
Toivo,164.42916666666667,6.8
Cartier,599.56410256410254,7.3
Polina,174.12857142857143,7.8
Kaliah,416.25974025974028,9.1
Rowdy,504.016835016835,10.6
Rahul,2023.8340080971659,12.1
Aiza,1083.5897435897436,16.2
Lilliana,169037.193877551,108.8
Fredricka,1.1238095238095238,1.2
Davide,0.23333333333333334,1.2
Jodelle,0.23809523809523808,1.2
Sokhna,0.23333333333333334,1.2
Rubina,0.21428571428571427,1.2
Opie,5.7666666666666666,1.7
Maximina,3.3666666666666667,1.7
Tennessee,5.4666666666666668,1.7
Isela,1467.2407592407592,12.2875
Anvi,222.58974358974359,7.3000000000000007
Shon,4654.3404255319147,30.950000000000003
Brady,1368852.6499735496,106.80000000000003
Liseth,29.544973544973544,3.1578947368421053
Perseus,55.904761904761905,2.9024390243902443
Ladarius,5598.2857142857147,11.694444444444445
Kyrin,614.73076923076928,7.7222222222222223
Mack,34261.911388023538,8.7125850340136033
Mistie,769.42292490118575,12.612903225806452
Braxton,999761.555175038,434.73076923076923
Mason,24356768.140539587,386.01470588235293
Carsyn,4555.2514619883041,5.0588235294117645
Rajohn,5.333333333333333,1.64
Yarethzy,5.333333333333333,1.64
Alyzae,5.333333333333333,1.64
Kensli,21.333333333333332,2.2800000000000002
Abdurrahman,8.7205882352941178,2.2800000000000002
Kaelie,3.2857142857142856,1.6400000000000001
Shinichi,2.7111111111111112,1.6400000000000001
Matisse,2.9523809523809526,1.6400000000000001
Blondie,3.9821428571428572,1.6400000000000001
Shanavia,3.2380952380952381,1.6400000000000001
Floree,2.2526315789473683,1.6400000000000001
Ezell,157.73710317460316,7.1698113207547163
Cinnamon,985.2807881773399,9.1200000000000028
Shelvie,240.0,5.7586206896551735
Imogen,1664.9852941176471,13.121951219512198
Cayla,22375.59388335704,19.35265700483092
Alexandra,10207576.35952381,548.01428571428573
Maci,256981.66028225806,74.435028248587543
Rohan,33064.420512820514,65.695652173913047
Shavonda,185.94117647058823,6.0666666666666664
Stacia,4290.3356164383558,27.266666666666666
Shareka,81.142857142857139,2.9090909090909092
Jolee,799.23678160919542,10.949152542372882
Maddix,407.60256410256409,3.7052631578947373
Deborha,117.06666666666666,6.32
Jenee,204.30871212121212,7.32
Kenyetta,771.6672268907563,15.64
Sherra,0.14285714285714285,1.08
Peaches,3.0714285714285716,1.58
Abrahim,2.5535714285714284,1.58
Carie,5336.8860887096771,16.78
Joyel,480.5,4.0617283950617287
Remmel,4.5,1.4528301886792454
Yariana,4.5,1.4528301886792454
Alease,131.59390243902439,5.2857142857142856
Fara,51.719696969696969,4.3200000000000012
Aren,71.080672268907563,5.3200000000000012
Coy,3444.5109034267912,4.1617021276595745
Myrta,0.95238095238095233,1.3214285714285716
Mindee,0.95238095238095233,1.3214285714285716
Korbin,29721.641025641027,38.912280701754383
Simone,43522.788584740825,39.221374045801525
Jazlyn,74027.2564102564,38.6060606060606
Magaly,1458.6910900045229,12.604651162790699
Pennelope,10.333333333333334,1.9230769230769229
Marlena,7880.3303508771933,13.379310344827585
Hideo,201.86615384615385,6.6923076923076925
Rheanna,79.415322580645167,5.0784313725490193
Baylee,104404.23448275862,18.79664570230608
Tiara,184239.54209065679,138.53658536585365
Blake,4869258.6118601747,1039.48
Treshaun,5.75,2.04
Nazaria,11.5,2.04
Yailyn,11.333333333333334,2.04
Ilyssa,15.694736842105263,2.04
Clarity,28.0,3.04
Lakeya,140.05555555555554,6.58
Iyonna,362.89210526315787,10.16
Isac,742.22475106685636,15.66
Jermiah,1058.155303030303,16.32
Eddie,1475517.9552613362,6.1263917202446292
Joleigh,36.455555555555556,2.4067796610169494
Luke,11549102.064641744,122.85617367706919
Dominik,26672.584946236559,34.416666666666664
Parsa,20.69047619047619,2.6666666666666665
Odelia,18.121634615384615,2.6666666666666665
Jayvin,43.763636363636365,2.6666666666666665
Phong,56.117647058823529,3.1666666666666665
Jarius,223.38949275362319,6.333333333333333
Joslyn,18064.154545454545,60.666666666666664
Andreana,38.21290322580645,3.1666666666666674
Ibrahim,51202.549275362318,66.411764705882362
Merwyn,1.3571428571428572,1.46
Viggo,20.810606060606062,2.8688524590163937
Sudais,63.7,2.7954545454545454
Franklyn,187.13188118811883,4.0909090909090908
Abilene,55.623333333333335,4.8400000000000007
Thu,92.365789473684217,5.3400000000000007
Kassi,211.95156695156695,7.8400000000000007
Karmello,12.8,1.9600000000000002
Samarion,12.0,1.9600000000000002
Chyann,20.9010989010989,1.9600000000000002
Aquila,8.0,1.9600000000000002
Bransen,9.6428571428571423,1.9600000000000002
Giada,11293.296703296703,5.1118210862619806
Lev,1215.0625,10.105263157894736
Juanita,2396850.8649186571,37.232766338406449
Bladimir,96.523185483870961,5.8431372549019605
Jaylin,104403.46,4.8344760039177279
Moriah,25600.682608695653,43.047619047619051
Mykel,521.38257575757575,5.615384615384615
Peggy,9844069.8649496082,168.51082251082249
Bridger,4409.2217741935483,27.887096774193548
Alinna,53.878787878787875,3.6984126984126986
Rielle,9.4666666666666668,2.3
Nely,18.214285714285715,2.8
Naylani,21.066666666666666,2.8
Leanore,19.0,2.8
Selwyn,13.517316017316018,2.8
Tomi,18.637873754152825,2.8
Niasia,34.763532763532766,3.8
Sheba,91.235294117647058,3.8
Harman,29.212121212121211,3.8
Abubakar,68.872727272727275,4.6
Shamara,77.384615384615387,5.1
Mayer,129.80288461538461,7.6
Keysha,232.08300395256916,8.2
Haruki,0.8392857142857143,1.4
Olamide,2.6666666666666665,1.4
Anahita,0.95238095238095233,1.4
Nissim,1.0909090909090908,1.4
Melida,0.75714285714285712,1.4
Artavious,1.6181818181818182,1.4
Urie,1.2,1.4
Wenceslao,1.0909090909090908,1.4
Arloa,0.80952380952380953,1.4
Docia,1.4666666666666666,1.4
Joelene,2.141025641025641,1.4
Kalon,2.8787878787878789,1.4
Atlee,0.94957983193277307,1.4
Teofilo,3.3301587301587303,1.9
Conall,8.25,1.9
Luciana,43004.581818181818,94.1
Kamsiyochukwu,10.0,1.7945205479452055
Meosha,23.366666666666667,2.3000000000000003
Kristeen,21.881578947368421,2.3000000000000003
Yuna,994.04093567251459,14.200000000000001
Sander,2.6,1.4000000000000001
Eusebio,65.158318773053779,3.4875000000000003
Hayes,30310.225882352941,60.800000000000011
Nataleigh,185.98095238095237,7.7407407407407414
Sharyn,40126.306620209056,31.344827586206897
Bernice,3751792.9532710281,109.26652892561984
Sadi,0.66666666666666663,1.2641509433962266
Rontavious,0.66666666666666663,1.2641509433962266
Tajanae,55.5,2.7931034482758625
Karrie,16761.532850241547,22.419354838709676
Aanya,7370.1323529411766,37.178571428571431
Kajal,37.3,2.7142857142857144
Haze,39.0,2.7142857142857149
Tinisha,54.889705882352942,3.9642857142857149
Cassadee,72.0,1.8571428571428574
Atarah,2048.0,5.4912280701754383
Rachel,27695594.640619591,12.969238527483611
Keely,16825.573728813561,17.4390243902439
Madai,11.929824561403509,2.68
Cal,587.1053555750658,10.72
Braulio,1965.5068352699932,19.44
Fantasia,1313.878787878788,19.44
Gryphon,0.91666666666666663,1.34
Modene,0.91666666666666663,1.34
Alabama,0.91666666666666663,1.34
Dayna,9375.2205231388325,15.888888888888889
Natale,34.851551956815115,3.6800000000000006
Alexzandria,120.5071225071225,6.3600000000000012
Kimmy,6.0256410256410255,1.8400000000000003
Yurani,722.0,2.1343283582089554
Gene,1229814.3997057804,83.662857142857149
Brantly,195.3,2.5568181818181817
Christiano,87.295454545454547,4.7884615384615383
Avleen,73.3,2.5192307692307696
Ariza,122.89583333333333,2.7692307692307696
Ryland,32164.879374641423,68.866666666666674
Rosalva,210.94237288135594,7.3666666666666671
Jeremey,1260.297379032258,16.716666666666669
Alanzo,15.8,2.56
Mikela,17.553571428571427,2.56
Peri,88.013131313131311,5.12
Shatara,1423.3131578947368,15.24
January,4657.638095238095,30.48
Chimene,220.5,3.0740740740740744
Keondra,233.38888888888889,7.0701754385964906
Johna,71.692436974789914,3.5600000000000009
Evangelina,953.48212039532791,3.7413793103448274
Klarisa,3.3,1.72
Michaelangelo,95.820168067226888,4.8518518518518521
Aiyanah,27.0,2.4400000000000004
Isaih,82.023333333333326,5.8800000000000008
Suraj,54.634199134199136,4.88235294117647
Terence,65110.746732673266,42.058823529411768
Asiya,983.45,9.764705882352942
Tayshawn,692.810606060606,13.764705882352942
Samiyah,10093.075757575758,14.764705882352942
Tylee,112.82352941176471,5.3833333333333329
Azarias,5.333333333333333,1.5333333333333332
Marvens,16.747252747252748,2.5666666666666669
Mariaguadalupe,47.168346774193552,3.8166666666666669
Taren,243.36111111111111,7.1333333333333337
Katerin,248.26666666666668,6.1333333333333346
Amairany,61.213846153846156,2.193548387096774
Earle,7044.6101190476193,24.548387096774192
Santa,238.31794871794872,5.5555555555555545
Bich,9.3333333333333339,1.8888888888888886
Brenda,57283498.107606679,878.93913043478256
Nora,946313.89087919693,2.9070743405275783
Rigo,85.702439024390245,3.7777777777777777
Gautam,6.1238095238095234,2.32
Lilie,11.742857142857142,2.32
Fernie,7.9238095238095241,2.32
Dartagnan,11.971428571428572,2.32
Deloise,296.72222222222223,9.28
Janise,17.523172905525847,2.8200000000000003
Jeffie,21.106666666666666,3.3200000000000003
Rooney,32.455555555555556,3.3200000000000003
Gwenn,58.155263157894737,3.3200000000000003
Kee,112.07768361581921,5.6400000000000006
Alethea,1785.5248979591836,9.2800000000000011
Babette,739.58153126826414,13.280000000000001
Joslynn,1944.1794871794871,22.560000000000002
Bertrand,255.77554563492063,8.2452830188679247
Kaden,2883433.746236559,158.53571428571428
Jadynn,11.285714285714286,2.285714285714286
Chavonne,60.476190476190474,3.535714285714286
Eve,26800.606697819316,12.50140056022409
Kenji,645.7397260273973,11.29032258064516
Ephraim,2415.03291213635,17.580645161290324
Melania,2789.2105263157896,15.827586206896552
Tommye,46.858350951374206,3.9499999999999997
Hailey,10173195.374390244,105.2125
Casimir,3702.482792207792,32.7
Kendall,981744.38984316657,163.20625
Adien,20.0,2.2
Genevia,6.9733333333333336,2.2
Saryah,8.2666666666666675,2.2
Obinna,5.85,2.2
Ayumi,10.266666666666667,2.2
Marcene,9.9714285714285715,2.2
Hakop,7.0626780626780628,2.2
Shakema,24.326315789473686,2.2
Tammra,7.6555555555555559,2.2
Stryder,20.054545454545455,3.2
Daphney,28.129233511586452,3.2
Athanasios,17.876847290640395,3.2
Kimmie,51.838095238095235,4.4
Marylynn,56.913978494623656,4.4
Donaven,64.547619047619051,4.4
Danthony,147.14461538461538,4.9
Zita,80.543859649122808,5.4
Terrel,198.14924506387922,7.4
Chelsee,844.23529411764707,15.3
Corinthian,0.16666666666666666,1.1
Viviann,4.4242424242424239,1.6
Afsana,2.3,1.6
Ysidra,3.7666666666666666,1.6
Illyana,4.0,1.6
Sevag,1.838095238095238,1.6
Benedetta,2.7625,1.6
Wenona,4.7087912087912089,1.6
Miko,1.3406593406593406,1.6
Sommer,7929.5548780487807,17.100000000000005
Kodie,113.26877470355731,6.4000000000000012
Nariyah,916.82857142857142,7.9000000000000012
Waino,13.433333333333334,2.037974683544304
Jaxon,8884989.3105413113,271.56737588652481
Makinley,1294.8351648351647,8.1355932203389827
Cerissa,88.25,3.2173913043478262
Dasha,842.015873015873,12.76923076923077
Hilda,376851.17990654206,41.111617312072887
Eartha,232.69696969696969,6.1190476190476195
Kanya,1.5833333333333333,1.3962264150943398
Kian,38832.741379310348,30.623529411764707
Nazir,1469.9433333333334,14.894736842105262
Alexi,2335.4655870445345,25.639999999999997
Solara,260.66666666666669,6.9090909090909092
Alayza,4.5666666666666664,1.7272727272727273
Nansi,6.166666666666667,1.7272727272727273
Kechia,12.5,1.7272727272727273
Dorene,3633.8090395480226,15.311320754716981
Ajay,1163.3571428571429,8.73873873873874
Jayshaun,7.2857142857142856,2.08
Kymberlee,6.1428571428571432,2.08
Virgel,12.696969696969697,2.58
Jesscia,15.071428571428571,2.58
Keir,97.357142857142861,4.66
Zandra,458.06367346938777,10.82
Deante,1575.0467980295566,18.64
Marico,1.2582417582417582,1.54
Magally,2.25,1.54
Jaydan,3709.5555555555557,6.2733812949640289
Muhammad,59031.552266419982,19.140000000000004
Rubbie,10.155263157894737,2.0800000000000005
Daemon,25.457142857142856,3.0800000000000005
Mahad,46.247252747252745,4.160000000000001
Raoul,41.381727725011309,4.160000000000001
Chantell,635.06685633001428,13.320000000000002
Celestine,2335.4451954158094,25.640000000000004
Dianne,1960300.0332112333,212.1764705882353
Alexavier,991.99583333333328,3.3043478260869565
Maddex,378.27272727272725,6.1086956521739131
Millicent,1850.6771717171716,16.228571428571435
Treston,25.552380952380954,3.333333333333333
Kason,104912.86111111111,78.666666666666657
Cylas,14.566666666666666,2.3333333333333335
Aarish,33.333333333333336,2.3333333333333335
Shaquetta,28.4,2.8333333333333335
Marisha,29.733333333333334,3.3333333333333335
Tarek,62.6945412311266,4.166666666666667
Zipporah,100.4989247311828,5.166666666666667
Melayna,8.3333333333333339,1.6666666666666667
Austyn,5764.2660098522165,21.672727272727272
Rileigh,3135.3939393939395,5.6305084745762706
Emi,1460.6097560975609,14.333333333333336
Syniah,12.410714285714286,2.46
Malin,11.388888888888889,2.46
Tona,26.542857142857144,2.96
Hymen,42.92307692307692,3.96
Hanh,30.441176470588236,3.96
Taniqua,59.647058823529413,4.42
Brynnley,67.714285714285708,4.42
Pius,4.6969696969696972,1.98
Samir,7888.833333333333,10.588709677419356
Izrael,73.7625,4.3076923076923075
Weslyn,61.0,3.1538461538461542
Anaalicia,17.333333333333332,2.1851851851851851
Tashina,994.69117647058829,10.352941176470591
Phineas,774.47058823529414,13.178571428571429
Robinson,61.821480406386065,3.8571428571428572
Adelaide,81207.760439560443,71.428571428571431
Abdiaziz,2.25,1.4285714285714286
Marquese,32.470588235294116,3.3571428571428577
Drenda,19.410714285714285,2.3400000000000003
Belicia,19.123809523809523,2.8400000000000003
Viliami,15.694736842105263,2.8400000000000003
Virgle,261.45645645645646,9.3600000000000012
Massiah,416.94444444444446,10.360000000000001
Yarel,704.0,11.360000000000001
Kathy,33796368.526966289,193.57758620689654
Treylon,9.8777777777777782,1.9200000000000004
Aryanna,36187.410256410258,57.454545454545453
Shakeia,2.2666666666666666,1.5454545454545454
Sarina,5249.0921658986172,32.966666666666669
Kaius,359.95238095238096,7.9333333333333336
Delphia,580.56767676767674,12.366666666666667
Aracely,10534.129764065336,22.733333333333334
Kiera,105052.24545454545,75.6842105263158
Meg,1206.1127995324371,15.366666666666669
Mitzi,18270.50660694289,57.466666666666676
Kory,24718.087784241143,17.205761316872429
Erasmo,130.3490584352553,4.4565217391304346
Raylan,26549.982142857141,2.438673068529027
Abigail,30925223.535296869,1276.7090909090912
Mathilda,1964.1128251663642,22.259999999999998
Genise,6.4,2.2199999999999998
Eamonn,12.623333333333333,2.72
Dezire,17.611111111111111,3.22
Genea,838.7,8.88
Iza,1.2857142857142858,1.36
Obert,2.1944444444444446,1.36
Jennae,1.8,1.36
Tama,158.81060606060606,6.9411764705882355
Grayson,4368686.0954451347,698.32000000000016
Xochilt,123.29710144927536,5.2307692307692308
Novah,2755.8666666666668,17.923076923076923
Melia,1795.297895902547,21.923076923076923
Gracy,20.257142857142856,2.8888888888888888
Sama,415.8857142857143,8.5555555555555554
Cami,1594.21679197995,5.7755102040816331
Shaquala,4.916666666666667,1.5616438356164384
Ayaan,26063.67320261438,71.94736842105263
Mandy,479508.04534440982,76.7007299270073
Bettina,1636.1486846486846,19.05
Braylen,132565.56190476191,84.7
Alvaro,15312.351388079984,32.85
Seymour,58316.287707390649,63.1
Ilya,16.352380952380951,2.1
Christien,13.49090909090909,2.6
Tyiesha,11.872727272727273,2.6
Aprille,33.333333333333336,2.6
Deolinda,17.457142857142856,2.6
Kenzy,35.727272727272727,3.6
Therman,33.946524064171122,3.6
Rochell,49.290476190476191,4.2
Amberlynn,41.457142857142856,4.2
Shekinah,240.21264367816093,8.4
Elenora,394.53333333333336,10.4
Hovhannes,0.66666666666666663,1.3
Kenady,1.5,1.3
Kupono,0.7,1.3
Tyrome,0.7,1.3
Pola,4.872727272727273,1.8
Shacoria,8.3333333333333339,1.8
Quetzali,4.333333333333333,1.8
Nairi,3.7625,1.8
Dicky,3.8602941176470589,1.8
Mercer,3.5833333333333335,1.8
Carolanne,4.147619047619048,1.8
Annslee,9.78888888888889,2.1000000000000005
Keli,1175.830487804878,18.800000000000004
Alois,438.43582887700535,6.71578947368421
Kenneth,63991775.01211492,9.858169807654944
Eliam,1156.6944444444443,11.119047619047619
Keylor,422.33333333333331,4.8139534883720927
Kade,94750.5743902439,65.272727272727266
Rasheed,1539.4889184397164,5.5990338164251217
Nichelle,6109.8017718715391,13.108695652173912
Doreen,392407.99353535351,214.7391304347826
Marquavious,117.14736842105263,4.304347826086957
Alisa,67225.16236996834,4.3131923464249757
Manford,20.529411764705884,2.48
Tiyana,50.944444444444443,4.46
Emalie,62.441176470588232,4.96
Vermelle,0.3611111111111111,1.24
Lizbet,764.57549857549861,7.9600000000000009
Audie,1250.163354037267,13.420000000000002
Todd,20730897.058005881,245.77689243027891
Journei,1276.9888888888888,8.4272727272727277
Geraldo,345.89696969696968,8.4333333333333336
Kijana,500.33333333333331,6.4666666666666677
Rollie,35.810084033613443,2.8974358974358974
Isabell,8098.7727663230244,33.757575757575758
Kace,3308.568181818182,20.380000000000003
Kairi,12418.300653594772,59.260000000000005
Sivan,11.316205533596838,2.3600000000000003
Devine,14.332010582010582,2.8600000000000003
Zyanya,12.352941176470589,2.8600000000000003
Prentiss,22.99923896499239,3.3600000000000003
Eniyah,76.992424242424249,5.2200000000000006
Auston,1460.9886363636363,20.880000000000003
Shontae,8.3076923076923084,1.6800000000000002
Shakirah,38.91830065359477,2.8961038961038961
Remington,332377.31596638658,33.438144329896915
Ekam,51.25,2.3636363636363638
Armandina,22.025974025974026,3.3636363636363638
Leyla,20508.560386473429,59.81818181818182
Ilka,0.4,1.1818181818181819
Fern,165121.43891151424,113.43564356435641
Athan,379.79084967320262,5.5142857142857142
Daviel,0.2,1.1199999999999999
Shaneen,0.2,1.1199999999999999
Elad,0.2,1.1199999999999999
Franciso,2.3222222222222224,1.6199999999999999
Nohemy,2.1,1.6199999999999999
Katia,4179.3208163265308,16.17
Camiyah,8.4,2.24
Yareth,16.417582417582416,2.74
Hughes,137.0,4.48
Oksana,55.923976608187132,4.48
Armani,102862.01034482759,21.776442307692307
Esme,19328.83116883117,69.686274509803923
Esha,1118.6176470588234,3.9510869565217406
Jolanda,26.777777777777779,3.2400000000000007
Reginald,591688.31247836619,10.831588529813382
Renata,20927.808610400683,18.275862068965516
Willadean,54.358974358974358,2.7419354838709675
Eligh,67.904411764705884,4.4838709677419351
Kleber,50.333333333333336,2.8666666666666667
Jayonna,80.858974358974365,4.7333333333333334
Jean,16264161.683973694,39.558835422563682
Duston,21.785714285714285,3.0188679245283021
Naythan,40.485294117647058,2.6595744680851063
Thelbert,6.4952380952380953,2.12
Akili,9.4761904761904763,2.12
Yanette,8.9047619047619051,2.12
Jusiah,16.333333333333332,2.12
Lateef,30.509881422924902,3.12
Lashone,43.5,3.12
Antwaun,30.621052631578948,3.62
Shilah,49.357142857142854,3.62
Daniell,215.25862068965517,8.48
Elo,0.125,1.06
Brigido,1.9411764705882353,1.56
Aspen,83406.657219973014,44.369863013698641
Mallorie,889.62184873949582,2.6481481481481488
Wilbur,320489.46867695183,160.84313725490196
Lukas,347839.42081949057,21.282913165266102
Reina,7879.021739130435,24.374999999999996
Shizuko,142.99209486166009,5.9062499999999991
Benno,,1.0
Loana,,1.0
Dejanira,,1.0
Elley,,1.0
Gelisa,,1.0
Hudeyfa,,1.0
Branko,,1.0
Milenia,,1.0
Lacheryl,,1.0
Paighton,,1.0
Zaheer,,1.0
Mathayus,,1.0
Damilola,,1.0
Carlesha,,1.0
Bindi,,1.0
Brannan,,1.0
Severus,,1.0
Hilliary,,1.0
Trueman,,1.0
Daquane,,1.0
Gianpaolo,,1.0
Sargun,,1.0
Narcissa,,1.0
Efstathios,,1.0
Anitza,,1.0
Farbod,,1.0
Jony,,1.0
Lismary,,1.0
Spruha,,1.0
Adonna,,1.0
Elyon,,1.0
Kirti,,1.0
Erineo,,1.0
Axzel,,1.0
Festus,,1.0
Eisa,,1.0
Shelvey,,1.0
Dannye,,1.0
Roddey,,1.0
Verdun,,1.0
Hiep,,1.0
Kleo,,1.0
Cedarius,,1.0
Luwanda,,1.0
Juleen,,1.0
Juliannah,,1.0
Daguan,,1.0
Lodema,,1.0
Rury,,1.0
Ezinne,,1.0
Tyliyah,,1.0
Anaria,,1.0
Manrique,,1.0
Sevilla,,1.0
Maitland,,1.0
Huxton,,1.0
Ayad,,1.0
Seleta,,1.0
Nathanuel,,1.0
Saabir,,1.0
Josten,,1.0
Artavis,,1.0
Jasaun,,1.0
Nelsa,,1.0
Deval,,1.0
Catalea,,1.0
Kyleanthony,,1.0
Eily,,1.0
Cilia,,1.0
Katsuko,,1.0
Brandel,,1.0
Aasha,,1.0
Carron,,1.0
Trig,,1.0
Mansirat,,1.0
Dericka,,1.0
Keagon,,1.0
Shykeem,,1.0
Bernadean,,1.0
Manette,,1.0
Ahaana,,1.0
Danera,,1.0
Beddie,,1.0
Jezlyn,,1.0
Abron,,1.0
Shivaay,,1.0
Atleigh,,1.0
Atlantis,,1.0
Sewall,,1.0
Awab,,1.0
Jarrin,,1.0
Idman,,1.0
Emberley,,1.0
Tanzie,,1.0
Sadler,,1.0
Hernesto,,1.0
Ovide,,1.0
Riddhima,,1.0
Sorin,,1.0
Kelwin,,1.0
Reigna,,1.0
Rohini,,1.0
Abdishakur,,1.0
Adilenne,,1.0
Kritika,,1.0
Gunter,,1.0
Izumi,,1.0
Matalie,,1.0
Jahlon,,1.0
Tramika,,1.0
Veronda,,1.0
Sundae,,1.0
Kalyan,,1.0
Sherolyn,,1.0
Sabrie,,1.0
Chidozie,,1.0
Yvon,,1.0
Lessley,,1.0
Daphanie,,1.0
Shastelyn,,1.0
Jamarco,,1.0
Vestel,,1.0
Somalia,,1.0
Krystale,,1.0
Evian,,1.0
Flamur,,1.0
Dal,,1.0
Starlynn,,1.0
Kyaira,,1.0
Ercell,,1.0
Lemoyne,,1.0
Qaadir,,1.0
Aiman,,1.0
Hovie,,1.0
Jasha,,1.0
Limmie,,1.0
Ladislav,,1.0
Tarika,,1.0
Melessa,,1.0
Yacoub,,1.0
Adaley,,1.0
Zanib,,1.0
Kiriaki,,1.0
Solmayra,,1.0
Ival,,1.0
Ashmita,,1.0
Matsuye,,1.0
Aulii,,1.0
Staphanie,,1.0
Baran,,1.0
Kohei,,1.0
Zakhi,,1.0
Sinclaire,,1.0
Breland,,1.0
Lanyia,,1.0
Sehar,,1.0
Lodena,,1.0
Bodin,,1.0
Celyna,,1.0
Anup,,1.0
Donika,,1.0
Marciana,,1.0
Scarlettrose,,1.0
Balentin,,1.0
Pal,,1.0
Vin,,1.0
Suleyman,,1.0
Ajena,,1.0
Maclin,,1.0
Trason,,1.0
Olee,,1.0
Zeinabou,,1.0
Ireta,,1.0
Terril,,1.0
Gahel,,1.0
Jadakiss,,1.0
Myree,,1.0
Ersel,,1.0
Fantasha,,1.0
Virlan,,1.0
Doba,,1.0
Aamori,,1.0
Jt,,1.0
Saddam,,1.0
Chestine,,1.0
Nawaal,,1.0
Clausell,,1.0
Kameka,,1.0
Dalarie,,1.0
Jestina,,1.0
Rannie,,1.0
Casarah,,1.0
Laiden,,1.0
Yenna,,1.0
Edolia,,1.0
Abayomi,,1.0
Redding,,1.0
Reuel,,1.0
Linell,,1.0
Whitman,,1.0
Clellie,,1.0
Hailea,,1.0
Synetta,,1.0
Xayla,,1.0
Marvelene,,1.0
Dvid,,1.0
Claudean,,1.0
Antoinet,,1.0
Kimla,,1.0
Herley,,1.0
Bradleigh,,1.0
Akansha,,1.0
Kalden,,1.0
Naif,,1.0
Issamar,,1.0
Tahari,,1.0
Carmesa,,1.0
Taeshawn,,1.0
Hade,,1.0
Madell,,1.0
Glender,,1.0
Emeka,,1.0
Maclovio,,1.0
Yuko,,1.0
Shaquinta,,1.0
Frayda,,1.0
Kelsay,0.0,1.0
Sheralyn,0.0,1.0
Maryclaire,0.0,1.0
Briseidy,0.0,1.0
Junichi,0.0,1.0
Jniya,0.0,1.0
Electra,0.0,1.0
Kostantinos,0.0,1.0
Meghin,0.0,1.0
Samuell,0.0,1.0
Idabelle,0.0,1.0
Heliodoro,0.0,1.0
Fenner,0.0,1.0
Maaliyah,0.0,1.0
Jera,0.0,1.0
Nasira,0.0,1.0
Cornesha,0.0,1.0
Guadlupe,0.0,1.0
Filomeno,0.0,1.0
Lorilyn,0.0,1.0
Giro,0.0,1.0
Arcangelo,0.0,1.0
Wyndell,0.0,1.0
Lizbett,0.0,1.0
Kimala,0.0,1.0
Japleen,0.0,1.0
Vanessamarie,0.0,1.0
Yanill,0.0,1.0
Kyera,0.0,1.0
Melroy,0.0,1.0
Lively,0.0,1.0
Helayna,0.0,1.0
Lahna,0.0,1.0
Meryle,0.0,1.0
Taisei,0.0,1.0
Mozel,0.0,1.0
Yeslin,0.0,1.0
Beckey,0.0,1.0
Kyri,0.0,1.0
Lumen,0.0,1.0
Camilia,0.0,1.0
Richey,0.0,1.0
Ruba,0.0,1.0
Jarold,0.0,1.0
Rubens,0.0,1.0
Dionisia,0.0,1.0
Macrina,0.0,1.0
Burhan,0.0,1.0
Alpheus,0.0,1.0
Shanigua,0.0,1.0
Xan,0.0,1.0
Jazmarie,0.0,1.0
Geoffry,0.0,1.0
Shamea,0.0,1.0
Anara,0.0,1.0
Clarabel,0.0,1.0
Remie,0.0,1.0
Dossie,0.0,1.0
Monson,0.0,1.0
Kiai,2.0,1.2580645161290323
Jozelyn,2.0,1.2580645161290323
Etna,2.0,1.2580645161290323
Corayma,2.0,1.142857142857143
Kaleem,2.0,1.48
Almer,2.0,1.48
Eran,2.0,1.48
Sadamu,2.0,1.48
Myrissa,2.0,1.48
Hiroto,2.0,1.3076923076923077
Nalley,2.0,1.3076923076923077
Tashae,2.0,1.3076923076923077
Yanin,2.0,1.3076923076923077
Melburn,2.0,1.3076923076923077
Necha,2.0,1.3076923076923077
Torris,2.0,1.3076923076923077
Dhana,7.0,1.6896551724137934
Sharnae,7.0,1.512820512820513
Hunner,7.0,1.7692307692307689
Chania,7.0,1.7692307692307689
Josyah,7.0,1.7692307692307689
Dmari,0.25,1.2
Aarion,0.25,1.1320754716981132
Unity,0.25,1.1400000000000001
Stefanos,0.25,1.1400000000000001
Latunya,0.25,1.1400000000000001
Clearance,0.25,1.1400000000000001
Kashmere,0.25,1.1400000000000001
Destenie,0.25,1.1400000000000001
Henya,0.25,1.1400000000000001
Naly,0.5,1.1311475409836067
Amiliana,0.5,1.1311475409836067
Jaevon,0.5,1.1311475409836067
Daquana,0.5,1.1568627450980393
Sadeel,0.5,1.1568627450980393
Menaal,0.5,1.1568627450980393
Lysle,0.5,1.1568627450980393
Chessie,0.5,1.1568627450980393
Kyser,0.5,1.1568627450980393
Korena,0.5,1.1568627450980393
Danamarie,0.5,1.1568627450980393
Shatika,0.5,1.1568627450980393
Sofya,0.5,1.1568627450980393
Tyna,0.5,1.1568627450980393
Kaston,0.5,1.1568627450980393
Rael,0.5,1.1568627450980393
Jannis,0.5,1.1568627450980393
Ellaree,0.5,1.1568627450980393
Deyla,0.5,1.1568627450980393
Levell,0.5,1.24
Aahan,1.0,1.3333333333333333
Shaakira,1.0,1.28
Kyair,1.0,1.28
Auriella,1.0,1.3076923076923077
Yeira,1.0,1.3076923076923077
Tauna,1.0,1.3076923076923077
Baylea,1.0,1.3076923076923077
Galo,1.0,1.3076923076923077
Lenise,1.0,1.3076923076923077
Lahela,0.3,1.2
Jillianne,0.3,1.2
Allura,0.3,1.2
Sukhman,0.3,1.2
Goble,0.3,1.1666666666666667
Andrus,0.33333333333333331,1.2
Mickeal,0.33333333333333331,1.1538461538461537
Silbia,0.33333333333333331,1.1538461538461537
Travius,0.33333333333333331,1.1538461538461537
Ardian,0.33333333333333331,1.16
Ezora,0.33333333333333331,1.16
Earther,0.33333333333333331,1.16
Shabsi,0.33333333333333331,1.16
Tiffinie,0.33333333333333331,1.16
Wanza,1.3333333333333333,1.3199999999999998
Erminio,1.3333333333333333,1.3199999999999998
Tuere,1.3333333333333333,1.3199999999999998
Anahid,1.3333333333333333,1.3199999999999998
Kristyne,1.3333333333333333,1.3199999999999998
Shaquaya,1.3333333333333333,1.2962962962962963
Shaterrica,0.8,1.3199999999999998
Zadkiel,0.8,1.3199999999999998
Naftuly,0.8,1.3199999999999998
Lamerle,0.8,1.3199999999999998
Worthy,0.8,1.3199999999999998
Bobie,0.8,1.24
