name,year,total_usage,peak_min,prev_max,post_max,is_peak
Andrew,1910,845,845,,4134,false
Andrew,1911,1066,845,,4134,false
Andrew,1912,1922,845,,4134,false
Andrew,1913,2204,845,,4134,false
Andrew,1914,2957,1066,845,4134,false
Andrew,1915,3562,1922,1066,4019,false
Andrew,1916,3716,2204,1922,4019,false
Andrew,1917,3739,2957,2204,4010,false
Andrew,1918,4134,3562,2957,3795,false
Andrew,1919,3855,3716,3562,3748,false
Andrew,1920,4019,3739,3716,3748,false
Andrew,1921,4010,3740,3739,3605,true
Andrew,1922,3795,3605,4134,3444,false
Andrew,1923,3740,3333,4134,3444,false
Andrew,1924,3748,3333,4134,3142,false
Andrew,1925,3605,3142,4134,3077,false
Andrew,1926,3333,3077,4134,3053,false
Andrew,1927,3444,3053,4019,2711,false
Andrew,1928,3142,2711,4019,2636,false
Andrew,1929,3077,2636,4010,2443,false
Andrew,1930,3053,2329,3795,2443,false
Andrew,1931,2711,2329,3748,2432,false
Andrew,1932,2636,2282,3748,2432,false
Andrew,1933,2329,2265,3605,2693,false
Andrew,1934,2443,2265,3444,3135,false
Andrew,1935,2282,2265,3444,3339,false
Andrew,1936,2265,2265,3142,3339,false
Andrew,1937,2389,2265,3077,3339,false
Andrew,1938,2395,2265,3053,3750,false
Andrew,1939,2432,2265,2711,4338,false
Andrew,1940,2424,2389,2636,4338,false
Andrew,1941,2693,2395,2443,4512,false
Andrew,1942,3135,2424,2443,4926,false
Andrew,1943,3339,2424,2432,5378,false
Andrew,1944,3046,2693,2432,5574,false
Andrew,1945,2995,2995,2693,5623,false
Andrew,1946,3750,2995,3135,5646,false
Andrew,1947,4338,2995,3339,6015,false
Andrew,1948,4303,2995,3339,6594,false
Andrew,1949,4512,3750,3339,6986,false
Andrew,1950,4926,4303,3750,7110,false
Andrew,1951,5378,4303,4338,7110,false
Andrew,1952,5574,4512,4338,8209,false
Andrew,1953,5623,4926,4512,8480,false
Andrew,1954,5646,5378,4926,8711,false
Andrew,1955,6015,5574,5378,9526,false
Andrew,1956,6594,5623,5574,10499,false
Andrew,1957,6986,5646,5623,10499,false
Andrew,1958,7110,6015,5646,10499,false
Andrew,1959,7092,6594,6015,10499,false
Andrew,1960,8209,6986,6594,10584,false
Andrew,1961,8480,7092,6986,11290,false
Andrew,1962,8711,7092,7110,12022,false
Andrew,1963,9526,8209,7110,12022,false
Andrew,1964,10499,8480,8209,12022,false
Andrew,1965,9686,8711,8480,12022,false
Andrew,1966,10242,9526,8711,12022,false
Andrew,1967,9981,9686,9526,12784,false
Andrew,1968,10584,9686,10499,13323,false
Andrew,1969,11290,9981,10499,16063,false
Andrew,1970,12022,9981,10499,16774,false
Andrew,1971,10942,10125,10499,18707,false
Andrew,1972,10125,10125,10584,19782,false
Andrew,1973,10740,10125,11290,20295,false
Andrew,1974,11797,10125,12022,22951,false
Andrew,1975,12784,10125,12022,25705,false
Andrew,1976,13323,10740,12022,26014,false
Andrew,1977,16063,11797,12022,30324,false
Andrew,1978,16774,12784,12022,34021,false
Andrew,1979,18707,13323,12784,36375,false
Andrew,1980,19782,16063,13323,36375,false
Andrew,1981,20295,16774,16063,36375,false
Andrew,1982,22951,18707,16774,36375,false
Andrew,1983,25705,19782,18707,36375,false
Andrew,1984,26014,20295,19782,35893,false
Andrew,1985,30324,22951,20295,34896,false
Andrew,1986,34021,25705,22951,33709,false
Andrew,1987,36375,26014,25705,31583,false
Andrew,1988,35893,30324,26014,30591,false
Andrew,1989,34896,30591,30324,27342,true
Andrew,1990,33709,27342,34021,26035,false
Andrew,1991,31583,26035,36375,25873,false
Andrew,1992,30591,25873,36375,25244,false
Andrew,1993,27342,25244,36375,25212,false
Andrew,1994,26035,25212,36375,23862,false
Andrew,1995,25873,23667,36375,23862,false
Andrew,1996,25244,23667,35893,23639,false
Andrew,1997,25212,23639,34896,22421,false
Andrew,1998,23667,22421,33709,22157,false
Andrew,1999,23862,22024,31583,22157,false
Andrew,2000,23639,22024,30591,21775,false
Andrew,2001,22421,21775,27342,20727,false
Andrew,2002,22024,20727,26035,19718,false
Andrew,2003,22157,19718,25873,18446,false
Andrew,2004,21775,18446,25244,16761,false
Andrew,2005,20727,16761,25212,14858,false
Andrew,2006,19718,14858,23862,14236,false
Andrew,2007,18446,14236,23862,13272,false
Andrew,2008,16761,13272,23639,12617,false
Andrew,2009,14858,12617,22421,11649,false
Andrew,2010,14236,11649,22157,11151,false
Andrew,2011,13272,11151,22157,10096,false
Andrew,2012,12617,10096,21775,9376,false
Andrew,2013,11649,9376,20727,8215,false
Andrew,2014,11151,8215,19718,,false
Andrew,2015,10096,8215,18446,,false
Andrew,2016,9376,8215,16761,,false
Andrew,2017,8215,8215,14858,,false
Brenda,1916,7,5,,24,false
Brenda,1919,5,5,,28,false
Brenda,1920,5,5,,28,false
Brenda,1921,12,5,,31,false
Brenda,1922,6,5,7,31,false
Brenda,1923,5,5,7,42,false
Brenda,1924,17,5,7,42,false
Brenda,1925,9,5,12,49,false
Brenda,1926,24,5,12,77,false
Brenda,1928,28,9,12,116,false
Brenda,1929,14,9,17,176,false
Brenda,1930,31,14,17,646,false
Brenda,1931,19,14,24,2736,false
Brenda,1932,42,14,28,5431,false
Brenda,1933,38,19,28,6329,false
Brenda,1934,49,19,31,7229,false
Brenda,1935,77,38,31,8432,false
Brenda,1936,116,38,42,8992,false
Brenda,1937,176,49,42,9202,false
Brenda,1938,646,77,49,12681,false
Brenda,1939,2736,116,77,15833,false
Brenda,1940,5431,176,116,17695,false
Brenda,1941,6329,646,176,20550,false
Brenda,1942,7229,2736,646,20800,false
Brenda,1943,8432,5431,2736,21726,false
Brenda,1944,8992,6329,5431,21726,false
Brenda,1945,9202,7229,6329,21726,false
Brenda,1946,12681,8432,7229,21726,false
Brenda,1947,15833,8992,8432,21726,false
Brenda,1948,17695,9202,8992,21453,false
Brenda,1949,20550,12681,9202,24320,false
Brenda,1950,20800,15833,12681,24320,false
Brenda,1951,21726,17695,15833,24320,false
Brenda,1952,21453,19129,17695,24320,false
Brenda,1953,20132,19129,20550,24320,false
Brenda,1954,19613,19129,20800,23976,false
Brenda,1955,19129,19129,21726,23976,false
Brenda,1956,19340,19129,21726,23976,false
Brenda,1957,24320,19129,21726,23791,false
Brenda,1958,21345,19129,21726,21286,false
Brenda,1959,21424,19340,21726,19617,false
Brenda,1960,23976,19617,21453,17111,false
Brenda,1961,23791,17111,24320,15070,false
Brenda,1962,21286,15070,24320,13296,false
Brenda,1963,19617,13296,24320,11487,false
Brenda,1964,17111,11487,24320,9946,false
Brenda,1965,15070,9946,24320,8998,false
Brenda,1966,13296,8998,23976,8335,false
Brenda,1967,11487,8335,23976,7161,false
Brenda,1968,9946,7161,23976,6270,false
Brenda,1969,8998,6270,23791,5382,false
Brenda,1970,8335,5382,21286,4829,false
Brenda,1971,7161,4829,19617,4237,false
Brenda,1972,6270,4237,17111,3585,false
Brenda,1973,5382,3585,15070,3151,false
Brenda,1974,4829,3151,13296,2872,false
Brenda,1975,4237,2872,11487,2779,false
Brenda,1976,3585,2779,9946,2730,false
Brenda,1977,3151,2633,8998,2730,false
Brenda,1978,2872,2633,8335,2513,false
Brenda,1979,2779,2513,7161,2499,false
Brenda,1980,2633,2438,6270,2499,false
Brenda,1981,2730,2438,5382,2390,false
Brenda,1982,2513,2390,4829,2632,false
Brenda,1983,2438,2250,4237,2632,false
Brenda,1984,2499,2164,3585,2828,false
Brenda,1985,2390,2164,3151,2878,false
Brenda,1986,2250,2164,2872,2878,false
Brenda,1987,2164,2164,2779,2878,false
Brenda,1988,2290,2164,2730,2878,false
Brenda,1989,2286,2164,2730,2878,false
Brenda,1990,2632,2164,2513,2642,false
Brenda,1991,2632,2286,2499,2609,false
Brenda,1992,2828,2286,2499,2397,false
Brenda,1993,2878,2397,2390,2134,true
Brenda,1994,2642,2134,2632,2103,false
Brenda,1995,2609,2103,2632,1944,false
Brenda,1996,2397,1944,2828,1885,false
Brenda,1997,2134,1885,2878,1722,false
Brenda,1998,2103,1722,2878,1643,false
Brenda,1999,1944,1530,2878,1643,false
Brenda,2000,1885,1414,2878,1643,false
Brenda,2001,1722,1414,2878,1643,false
Brenda,2002,1530,1414,2642,1398,false
Brenda,2003,1414,1398,2609,1215,false
Brenda,2004,1631,1215,2397,941,false
Brenda,2005,1643,941,2134,743,false
Brenda,2006,1398,743,2103,696,false
Brenda,2007,1215,696,1944,523,false
Brenda,2008,941,492,1885,523,false
Brenda,2009,743,492,1722,399,false
Brenda,2010,696,399,1643,333,false
Brenda,2011,492,333,1643,301,false
Brenda,2012,523,301,1643,284,false
Brenda,2013,399,284,1643,235,false
Brenda,2014,333,235,1398,,false
Brenda,2015,301,235,1215,,false
Brenda,2016,284,235,941,,false
Brenda,2017,235,235,743,,false
David,1910,1243,1243,,6631,false
David,1911,1535,1243,,6719,false
David,1912,2851,1243,,7450,false
David,1913,3278,1243,,7777,false
David,1914,4251,1535,1243,7868,false
David,1915,5393,2851,1535,8240,false
David,1916,5808,3278,2851,8761,false
David,1917,6100,4251,3278,8923,false
David,1918,6631,5393,4251,9046,false
David,1919,6719,5808,5393,9435,false
David,1920,7450,6100,5808,10005,false
David,1921,7777,6631,6100,11329,false
David,1922,7868,6719,6631,12306,false
David,1923,8240,7450,6719,12306,false
David,1924,8761,7777,7450,12306,false
David,1925,8923,7868,7777,12306,false
David,1926,9046,8240,7868,14017,false
David,1927,9435,8761,8240,15672,false
David,1928,10005,8923,8761,17483,false
David,1929,11329,9046,8923,21000,false
David,1930,12306,9435,9046,22999,false
David,1931,11786,10005,9435,25398,false
David,1932,12143,11329,10005,27719,false
David,1933,12038,11786,11329,30577,false
David,1934,14017,11786,12306,35947,false
David,1935,15672,12038,12306,37296,false
David,1936,17483,12038,12306,37431,false
David,1937,21000,14017,12306,37431,false
David,1938,22999,15672,14017,46493,false
David,1939,25398,17483,15672,57853,false
David,1940,27719,21000,17483,57853,false
David,1941,30577,22999,21000,59668,false
David,1942,35947,25398,22999,60805,false
David,1943,37296,27719,25398,64864,false
David,1944,37431,30577,27719,71858,false
David,1945,37126,35947,30577,76189,false
David,1946,46493,37126,35947,79635,false
David,1947,57853,37126,37296,86339,false
David,1948,56685,37126,37431,86339,false
David,1949,59668,46493,37431,86339,false
David,1950,60805,56685,46493,86339,false
David,1951,64864,56685,57853,86339,false
David,1952,71858,59668,57853,86084,false
David,1953,76189,60805,59668,86084,false
David,1954,79635,64864,60805,86084,false
David,1955,86339,71858,64864,86084,false
David,1956,81696,76189,71858,86084,false
David,1957,82460,79635,76189,84938,false
David,1958,82729,81696,79635,81548,true
David,1959,84101,81548,86339,78644,false
David,1960,86084,78644,86339,75245,false
David,1961,84938,75245,86339,68029,false
David,1962,81548,68029,86339,67046,false
David,1963,78644,66604,86339,67046,false
David,1964,75245,66604,86084,63945,false
David,1965,68029,63941,86084,63945,false
David,1966,66604,63941,86084,61990,false
David,1967,67046,61990,86084,53315,false
David,1968,63941,53315,86084,46555,false
David,1969,63945,46555,84938,41983,false
David,1970,61990,41283,81548,41983,false
David,1971,53315,41283,78644,42304,false
David,1972,46555,39356,75245,42304,false
David,1973,41283,39356,68029,42304,false
David,1974,41983,39356,67046,42304,false
David,1975,39356,39356,67046,42304,false
David,1976,39460,39356,63945,42179,false
David,1977,40745,39356,63945,40836,false
David,1978,40873,39356,61990,40646,false
David,1979,42304,39460,53315,39469,false
David,1980,42179,39469,46555,38750,false
David,1981,40836,38659,41983,38750,false
David,1982,40646,38659,41983,37358,false
David,1983,39469,37358,42304,36988,false
David,1984,38659,36988,42304,35503,false
David,1985,38750,35503,42304,35303,false
David,1986,37358,35303,42304,33818,false
David,1987,36988,33818,42304,30468,false
David,1988,35503,30468,42179,28481,false
David,1989,35303,28481,40836,27073,false
David,1990,33818,27073,40646,24904,false
David,1991,30468,24904,39469,23070,false
David,1992,28481,23070,38750,23042,false
David,1993,27073,23042,38750,21891,false
David,1994,24904,21891,37358,20896,false
David,1995,23070,20896,36988,20336,false
David,1996,23042,20336,35503,19789,false
David,1997,21891,19789,35303,19356,false
David,1998,20896,19356,33818,18685,false
David,1999,20336,18685,30468,18625,false
David,2000,19789,18625,28481,18420,false
David,2001,19356,18420,27073,18122,false
David,2002,18685,18122,24904,17627,false
David,2003,18625,17627,23070,17542,false
David,2004,18420,17542,23042,16318,false
David,2005,18122,16318,21891,15433,false
David,2006,17627,15433,20896,14196,false
David,2007,17542,14196,20336,13222,false
David,2008,16318,13222,19789,12530,false
David,2009,15433,12530,19356,12348,false
David,2010,14196,12348,18685,12195,false
David,2011,13222,12195,18625,11788,false
David,2012,12530,11788,18420,11089,false
David,2013,12348,11089,18122,10124,false
David,2014,12195,10124,17627,,false
David,2015,11788,10124,17542,,false
David,2016,11089,10124,16318,,false
David,2017,10124,10124,15433,,false
Elizabeth,1910,5792,5792,,15858,false
Elizabeth,1911,6295,5792,,15858,false
Elizabeth,1912,8520,5792,,15915,false
Elizabeth,1913,9503,5792,,15915,false
Elizabeth,1914,11375,6295,5792,15915,false
Elizabeth,1915,14103,8520,6295,15915,false
Elizabeth,1916,14945,9503,8520,15915,false
Elizabeth,1917,15127,11375,9503,15810,false
Elizabeth,1918,15858,14103,11375,15458,false
Elizabeth,1919,15285,14945,14103,15458,false
Elizabeth,1920,15915,15127,14945,14951,true
Elizabeth,1921,15810,14951,15127,13935,false
Elizabeth,1922,15248,13935,15858,12847,false
Elizabeth,1923,15458,12847,15858,12550,false
Elizabeth,1924,14951,12550,15915,11778,false
Elizabeth,1925,13935,11778,15915,11272,false
Elizabeth,1926,12847,11272,15915,11009,false
Elizabeth,1927,12550,11009,15915,10299,false
Elizabeth,1928,11778,10299,15915,10010,false
Elizabeth,1929,11272,10010,15810,9393,false
Elizabeth,1930,11009,9019,15458,9805,false
Elizabeth,1931,10299,9019,15458,9805,false
Elizabeth,1932,10010,9019,14951,9956,false
Elizabeth,1933,9019,8870,13935,10271,false
Elizabeth,1934,9348,8870,12847,11182,false
Elizabeth,1935,9093,8870,12550,11646,false
Elizabeth,1936,8870,8870,11778,11646,false
Elizabeth,1937,9393,8870,11272,11646,false
Elizabeth,1938,9805,8870,11009,11752,false
Elizabeth,1939,9712,8870,10299,13441,false
Elizabeth,1940,9956,9393,10010,13441,false
Elizabeth,1941,10271,9712,9393,13712,false
Elizabeth,1942,11182,9712,9805,14349,false
Elizabeth,1943,11646,9956,9805,15120,false
Elizabeth,1944,11038,10271,9956,16023,false
Elizabeth,1945,10337,10337,10271,16092,false
Elizabeth,1946,11752,10337,11182,16587,false
Elizabeth,1947,13441,10337,11646,16712,false
Elizabeth,1948,13213,10337,11646,16712,false
Elizabeth,1949,13712,11752,11646,17505,false
Elizabeth,1950,14349,13213,11752,18540,false
Elizabeth,1951,15120,13213,13441,18540,false
Elizabeth,1952,16023,13712,13441,18880,false
Elizabeth,1953,16092,14349,13712,18880,false
Elizabeth,1954,16587,15120,14349,18880,false
Elizabeth,1955,16712,16023,15120,18880,false
Elizabeth,1956,16340,16092,16023,18880,false
Elizabeth,1957,17505,16340,16092,18878,false
Elizabeth,1958,18540,16340,16587,17814,false
Elizabeth,1959,18451,16340,16712,17610,false
Elizabeth,1960,18880,17505,16712,17296,true
Elizabeth,1961,18878,17296,17505,16338,false
Elizabeth,1962,17814,16338,18540,16140,false
Elizabeth,1963,17610,15904,18540,16140,false
Elizabeth,1964,17296,15904,18880,15314,false
Elizabeth,1965,16338,14904,18880,15314,false
Elizabeth,1966,15904,14904,18880,15152,false
Elizabeth,1967,16140,14904,18880,13627,false
Elizabeth,1968,14904,13627,18880,13579,false
Elizabeth,1969,15314,12213,18878,16461,false
Elizabeth,1970,15152,12213,17814,16850,false
Elizabeth,1971,13627,12213,17610,18115,false
Elizabeth,1972,12213,12213,17296,19557,false
Elizabeth,1973,12365,12213,16338,20213,false
Elizabeth,1974,12294,12213,16140,20558,false
Elizabeth,1975,12491,12213,16140,20558,false
Elizabeth,1976,13579,12294,15314,20558,false
Elizabeth,1977,16461,12294,15314,20594,false
Elizabeth,1978,16850,12491,15152,20594,false
Elizabeth,1979,18115,13579,13627,20594,false
Elizabeth,1980,19557,16461,13579,20594,false
Elizabeth,1981,20213,16850,16461,20594,false
Elizabeth,1982,20558,18115,16850,20802,false
Elizabeth,1983,19896,19123,18115,20802,false
Elizabeth,1984,20409,18672,19557,20802,false
Elizabeth,1985,20594,18672,20213,20802,false
Elizabeth,1986,19123,18672,20558,20802,false
Elizabeth,1987,18672,18672,20558,20434,false
Elizabeth,1988,20094,18672,20558,19066,false
Elizabeth,1989,20396,18672,20594,17590,false
Elizabeth,1990,20802,17590,20594,16796,false
Elizabeth,1991,20434,16796,20594,16198,false
Elizabeth,1992,19066,16198,20594,16002,false
Elizabeth,1993,17590,16002,20594,15427,false
Elizabeth,1994,16796,15427,20802,15341,false
Elizabeth,1995,16198,15186,20802,15341,false
Elizabeth,1996,16002,15186,20802,15099,false
Elizabeth,1997,15427,15099,20802,14784,false
Elizabeth,1998,15186,14784,20802,14600,false
Elizabeth,1999,15341,14600,20434,14108,false
Elizabeth,2000,15099,14108,19066,13608,false
Elizabeth,2001,14784,13608,17590,13055,false
Elizabeth,2002,14600,12729,16796,13055,false
Elizabeth,2003,14108,12425,16198,13055,false
Elizabeth,2004,13608,12425,16002,12007,false
Elizabeth,2005,12729,12007,15427,11029,false
Elizabeth,2006,12425,11029,15341,10260,false
Elizabeth,2007,13055,10260,15341,10084,false
Elizabeth,2008,12007,10084,15099,9724,false
Elizabeth,2009,11029,9703,14784,9724,false
Elizabeth,2010,10260,9448,14600,9724,false
Elizabeth,2011,10084,9448,14108,9724,false
Elizabeth,2012,9703,9448,13608,9542,false
Elizabeth,2013,9448,9448,13055,8915,false
Elizabeth,2014,9557,8915,13055,,false
Elizabeth,2015,9724,8915,13055,,false
Elizabeth,2016,9542,8915,12007,,false
Elizabeth,2017,8915,8915,11029,,false
Greg,1925,5,5,,105,false
Greg,1936,7,5,,138,false
Greg,1937,7,5,,313,false
Greg,1938,13,5,,756,false
Greg,1939,18,7,5,1295,false
Greg,1940,21,7,7,1295,false
Greg,1941,24,13,7,1295,false
Greg,1942,60,18,13,1295,false
Greg,1943,105,21,18,1295,false
Greg,1944,138,24,21,1160,false
Greg,1945,313,60,24,835,false
Greg,1946,756,105,60,926,false
Greg,1947,1295,138,105,1149,false
Greg,1948,1160,313,138,1579,false
Greg,1949,835,703,313,2963,false
Greg,1950,766,703,756,3786,false
Greg,1951,703,703,1295,4636,false
Greg,1952,743,703,1295,5089,false
Greg,1953,757,703,1295,5390,false
Greg,1954,926,703,1295,5390,false
Greg,1955,1149,743,1295,5390,false
Greg,1956,1579,757,1160,5390,false
Greg,1957,2963,926,835,5390,false
Greg,1958,3786,1149,926,5367,false
Greg,1959,4636,1579,1149,4840,false
Greg,1960,5089,2963,1579,3973,false
Greg,1961,5390,3786,2963,3178,true
Greg,1962,5367,3178,3786,2449,false
Greg,1963,4840,2449,4636,2086,false
Greg,1964,3973,2086,5089,2032,false
Greg,1965,3178,2032,5390,1999,false
Greg,1966,2449,1971,5390,1999,false
Greg,1967,2086,1971,5390,1686,false
Greg,1968,2032,1686,5390,1422,false
Greg,1969,1971,1422,5390,1286,false
Greg,1970,1999,1286,5367,1086,false
Greg,1971,1686,1086,4840,934,false
Greg,1972,1422,934,3973,843,false
Greg,1973,1286,843,3178,810,false
Greg,1974,1086,810,2449,681,false
Greg,1975,934,681,2086,547,false
Greg,1976,843,547,2032,528,false
Greg,1977,810,528,1999,425,false
Greg,1978,681,425,1999,397,false
Greg,1979,547,397,1686,387,false
Greg,1980,528,387,1422,338,false
Greg,1981,425,338,1286,276,false
Greg,1982,397,276,1086,229,false
Greg,1983,387,214,934,229,false
Greg,1984,338,214,843,177,false
Greg,1985,276,123,810,177,false
Greg,1986,214,123,681,145,false
Greg,1987,229,123,547,114,false
Greg,1988,123,84,528,114,false
Greg,1989,177,84,425,95,false
Greg,1990,145,77,397,95,false
Greg,1991,84,77,387,77,false
Greg,1992,114,77,338,61,false
Greg,1993,77,61,276,56,false
Greg,1994,95,38,229,56,false
Greg,1995,77,38,229,45,false
Greg,1996,61,38,177,45,false
Greg,1997,38,38,177,45,false
Greg,1998,56,38,145,45,false
Greg,1999,41,33,114,45,false
Greg,2000,39,29,114,45,false
Greg,2001,45,29,95,40,false
Greg,2002,33,29,95,35,false
Greg,2003,29,29,77,30,false
Greg,2004,45,29,61,30,false
Greg,2005,40,29,56,26,false
Greg,2006,35,21,56,26,false
Greg,2007,30,14,45,26,false
Greg,2008,30,14,45,26,false
Greg,2009,21,9,45,26,false
Greg,2010,14,9,45,15,false
Greg,2011,16,6,45,15,false
Greg,2012,9,6,45,15,false
Greg,2013,26,6,40,5,false
Greg,2014,6,5,35,,false
Greg,2015,9,5,30,,false
Greg,2016,15,5,30,,false
Greg,2017,5,5,26,,false
Nathan,1910,212,212,,922,false
Nathan,1911,325,212,,922,false
Nathan,1912,544,212,,922,false
Nathan,1913,578,212,,922,false
Nathan,1914,810,325,212,922,false
Nathan,1915,890,544,325,817,false
Nathan,1916,876,578,544,779,false
Nathan,1917,843,779,578,721,true
Nathan,1918,922,719,810,721,false
Nathan,1919,817,719,890,718,false
Nathan,1920,779,718,890,634,false
Nathan,1921,719,634,890,631,false
Nathan,1922,721,592,922,631,false
Nathan,1923,718,592,922,604,false
Nathan,1924,634,592,922,505,false
Nathan,1925,592,499,922,505,false
Nathan,1926,631,471,922,505,false
Nathan,1927,604,471,817,443,false
Nathan,1928,499,420,779,443,false
Nathan,1929,471,420,721,432,false
Nathan,1930,505,384,721,487,false
Nathan,1931,420,384,718,487,false
Nathan,1932,443,384,634,487,false
Nathan,1933,384,384,631,487,false
Nathan,1934,430,384,631,487,false
Nathan,1935,432,384,604,555,false
Nathan,1936,421,384,505,555,false
Nathan,1937,401,401,505,555,false
Nathan,1938,487,401,505,555,false
Nathan,1939,429,401,443,587,false
Nathan,1940,450,401,443,587,false
Nathan,1941,480,429,432,635,false
Nathan,1942,487,429,487,716,false
Nathan,1943,555,450,487,836,false
Nathan,1944,452,452,487,836,false
Nathan,1945,457,452,487,836,false
Nathan,1946,519,452,487,934,false
Nathan,1947,587,452,555,934,false
Nathan,1948,579,457,555,1071,false
Nathan,1949,635,519,555,1210,false
Nathan,1950,716,579,555,1222,false
Nathan,1951,836,579,587,1353,false
Nathan,1952,820,635,587,1616,false
Nathan,1953,796,716,635,1616,false
Nathan,1954,934,796,716,1616,false
Nathan,1955,925,796,836,1616,false
Nathan,1956,1071,796,836,1616,false
Nathan,1957,1210,925,836,1528,false
Nathan,1958,1222,925,934,1528,false
Nathan,1959,1353,1071,934,1528,false
Nathan,1960,1616,1210,1071,1642,false
Nathan,1961,1478,1222,1210,1909,false
Nathan,1962,1524,1353,1222,2548,false
Nathan,1963,1528,1404,1353,3050,false
Nathan,1964,1486,1404,1616,3522,false
Nathan,1965,1408,1404,1616,4749,false
Nathan,1966,1404,1404,1616,5845,false
Nathan,1967,1420,1404,1616,7064,false
Nathan,1968,1642,1404,1616,8616,false
Nathan,1969,1909,1404,1528,9894,false
Nathan,1970,2548,1420,1528,9899,false
Nathan,1971,3050,1642,1528,10757,false
Nathan,1972,3522,1909,1642,11173,false
Nathan,1973,4749,2548,1909,11266,false
Nathan,1974,5845,3050,2548,11266,false
Nathan,1975,7064,3522,3050,11266,false
Nathan,1976,8616,4749,3522,11266,false
Nathan,1977,9894,5845,4749,11266,false
Nathan,1978,9899,7064,5845,10814,false
Nathan,1979,10757,8616,7064,10683,false
Nathan,1980,11173,9894,8616,10683,false
Nathan,1981,11266,9899,9894,10919,false
Nathan,1982,10814,10589,9899,10936,false
Nathan,1983,10589,10003,10757,10936,false
Nathan,1984,10637,9927,11173,10936,false
Nathan,1985,10683,9927,11266,10936,false
Nathan,1986,10003,9927,11266,10936,false
Nathan,1987,9927,9927,11266,10494,false
Nathan,1988,10160,9927,11266,10393,false
Nathan,1989,10919,9927,11266,10441,false
Nathan,1990,10936,9927,10814,11584,false
Nathan,1991,10494,10156,10683,12534,false
Nathan,1992,10156,10156,10683,13036,false
Nathan,1993,10192,10156,10919,13036,false
Nathan,1994,10393,10156,10936,13226,false
Nathan,1995,10304,10156,10936,13659,false
Nathan,1996,10288,10192,10936,14665,false
Nathan,1997,10441,10288,10936,14665,false
Nathan,1998,11584,10288,10936,14665,false
Nathan,1999,12534,10288,10494,14665,false
Nathan,2000,13036,10441,10393,14665,false
Nathan,2001,12645,11584,10441,14362,false
Nathan,2002,13226,12534,11584,14273,false
Nathan,2003,13659,12645,12534,13589,false
Nathan,2004,14665,12645,13036,13253,false
Nathan,2005,14362,13226,13036,12119,true
Nathan,2006,14273,12119,13226,11372,false
Nathan,2007,13589,11372,13659,10501,false
Nathan,2008,13253,10501,14665,10417,false
Nathan,2009,12119,10417,14665,9709,false
Nathan,2010,11372,9709,14665,8967,false
Nathan,2011,10501,8967,14665,8577,false
Nathan,2012,10417,8577,14665,7960,false
Nathan,2013,9709,7960,14362,7390,false
Nathan,2014,8967,7390,14273,,false
Nathan,2015,8577,7390,13589,,false
Nathan,2016,7960,7390,13253,,false
Nathan,2017,7390,7390,12119,,false
Randy,1934,6,6,,344,false
Randy,1935,13,6,,562,false
Randy,1936,13,6,,776,false
Randy,1937,34,6,,1086,false
Randy,1938,49,13,6,1667,false
Randy,1939,80,13,13,2543,false
Randy,1940,136,34,13,3238,false
Randy,1941,151,49,34,3729,false
Randy,1942,344,80,49,4481,false
Randy,1943,562,136,80,6204,false
Randy,1944,776,151,136,8848,false
Randy,1945,1086,344,151,10817,false
Randy,1946,1667,562,344,12774,false
Randy,1947,2543,776,562,15101,false
Randy,1948,3238,1086,776,16693,false
Randy,1949,3729,1667,1086,16693,false
Randy,1950,4481,2543,1667,16693,false
Randy,1951,6204,3238,2543,16693,false
Randy,1952,8848,3729,3238,16693,false
Randy,1953,10817,4481,3729,16558,false
Randy,1954,12774,6204,4481,15257,false
Randy,1955,15101,8848,6204,15151,false
Randy,1956,16693,10817,8848,14318,false
Randy,1957,16558,12774,10817,12699,true
Randy,1958,15257,12699,12774,11942,false
Randy,1959,15151,11942,15101,10588,false
Randy,1960,14318,10588,16693,10356,false
Randy,1961,12699,10356,16693,8931,false
Randy,1962,11942,8931,16693,7807,false
Randy,1963,10588,7807,16693,6831,false
Randy,1964,10356,6831,16693,5729,false
Randy,1965,8931,5729,16558,5290,false
Randy,1966,7807,5290,15257,5044,false
Randy,1967,6831,5044,15151,4369,false
Randy,1968,5729,4369,14318,3744,false
Randy,1969,5290,3744,12699,3401,false
Randy,1970,5044,3355,11942,3401,false
Randy,1971,4369,3348,10588,3423,false
Randy,1972,3744,3348,10356,3423,false
Randy,1973,3355,3326,8931,3423,false
Randy,1974,3348,3326,7807,3423,false
Randy,1975,3389,3222,6831,3423,false
Randy,1976,3326,3222,5729,3402,false
Randy,1977,3401,3222,5290,3336,false
Randy,1978,3222,3222,5044,3237,false
Randy,1979,3423,3222,4369,2933,false
Randy,1980,3402,2933,3744,2911,false
Randy,1981,3336,2911,3401,2891,false
Randy,1982,3237,2891,3401,2789,false
Randy,1983,2933,2733,3423,2789,false
Randy,1984,2911,2733,3423,2716,false
Randy,1985,2891,2716,3423,2607,false
Randy,1986,2733,2607,3423,2481,false
Randy,1987,2789,2481,3423,2152,false
Randy,1988,2716,2152,3402,2002,false
Randy,1989,2607,2002,3336,1697,false
Randy,1990,2481,1697,3237,1638,false
Randy,1991,2152,1638,2933,1502,false
Randy,1992,2002,1487,2911,1502,false
Randy,1993,1697,1487,2891,1341,false
Randy,1994,1638,1341,2789,1236,false
Randy,1995,1487,1236,2789,1116,false
Randy,1996,1502,1116,2716,1115,false
Randy,1997,1341,1115,2607,1057,false
Randy,1998,1236,1021,2481,1057,false
Randy,1999,1116,985,2152,1057,false
Randy,2000,1115,908,2002,1085,false
Randy,2001,1021,908,1697,1085,false
Randy,2002,985,908,1638,1085,false
Randy,2003,908,908,1502,1085,false
Randy,2004,942,908,1502,1085,false
Randy,2005,1057,908,1341,965,false
Randy,2006,1025,908,1236,839,false
Randy,2007,977,839,1116,810,false
Randy,2008,1085,810,1115,660,false
Randy,2009,965,660,1057,605,false
Randy,2010,839,605,1057,493,false
Randy,2011,810,493,1057,455,false
Randy,2012,660,455,1085,387,false
Randy,2013,605,387,1085,333,false
Randy,2014,493,333,1085,,false
Randy,2015,455,333,1085,,false
Randy,2016,387,333,1085,,false
Randy,2017,333,333,965,,false
Ryan,1920,5,5,,55,false
Ryan,1921,6,5,,55,false
Ryan,1925,6,5,,57,false
Ryan,1934,5,5,,71,false
Ryan,1945,5,5,5,86,false
Ryan,1946,17,5,6,86,false
Ryan,1947,50,5,6,129,false
Ryan,1948,17,5,6,150,false
Ryan,1949,55,17,6,242,false
Ryan,1950,43,17,17,259,false
Ryan,1951,57,17,50,368,false
Ryan,1952,71,43,50,368,false
Ryan,1953,86,43,55,368,false
Ryan,1954,77,57,55,368,false
Ryan,1955,129,71,57,615,false
Ryan,1956,150,77,71,615,false
Ryan,1957,242,77,86,1067,false
Ryan,1958,259,129,86,1557,false
Ryan,1959,368,150,129,1916,false
Ryan,1960,326,242,150,2162,false
Ryan,1961,341,259,242,2250,false
Ryan,1962,355,326,259,2321,false
Ryan,1963,615,326,368,6196,false
Ryan,1964,472,341,368,8898,false
Ryan,1965,1067,355,368,10548,false
Ryan,1966,1557,472,368,13259,false
Ryan,1967,1916,472,615,15369,false
Ryan,1968,2162,1067,615,17604,false
Ryan,1969,2250,1557,1067,21585,false
Ryan,1970,2321,1916,1557,21882,false
Ryan,1971,6196,2162,1916,23737,false
Ryan,1972,8898,2250,2162,25366,false
Ryan,1973,10548,2321,2250,27462,false
Ryan,1974,13259,6196,2321,27462,false
Ryan,1975,15369,8898,6196,28428,false
Ryan,1976,17604,10548,8898,29209,false
Ryan,1977,21585,13259,10548,30437,false
Ryan,1978,21882,15369,13259,30437,false
Ryan,1979,23737,17604,15369,30437,false
Ryan,1980,25366,21585,17604,30437,false
Ryan,1981,27462,21882,21585,30437,false
Ryan,1982,27246,23737,21882,30168,false
Ryan,1983,28428,25366,23737,29652,false
Ryan,1984,29209,27246,25366,29652,false
Ryan,1985,30437,27246,27462,29652,false
Ryan,1986,30168,28314,27462,29652,false
Ryan,1987,29148,28314,28428,27898,false
Ryan,1988,28314,27898,29209,27352,false
Ryan,1989,28929,27352,30437,27011,false
Ryan,1990,29652,27011,30437,24371,false
Ryan,1991,27898,24371,30437,23404,false
Ryan,1992,27352,23404,30437,22136,false
Ryan,1993,27011,22136,30437,21427,false
Ryan,1994,24371,20841,30168,21427,false
Ryan,1995,23404,20625,29652,21427,false
Ryan,1996,22136,20625,29652,20672,false
Ryan,1997,20841,20625,29652,20142,false
Ryan,1998,20625,18709,29652,20142,false
Ryan,1999,21427,18144,27898,20142,false
Ryan,2000,20672,18144,27352,20142,false
Ryan,2001,18709,18144,27011,18624,false
Ryan,2002,18144,18144,24371,17077,false
Ryan,2003,20125,17077,23404,16381,false
Ryan,2004,20142,16381,22136,15213,false
Ryan,2005,18624,15213,21427,13598,false
Ryan,2006,17077,13598,21427,12389,false
Ryan,2007,16381,12389,21427,11954,false
Ryan,2008,15213,11954,20672,11364,false
Ryan,2009,13598,11364,20142,10260,false
Ryan,2010,12389,10260,20142,9649,false
Ryan,2011,11954,9649,20142,9149,false
Ryan,2012,11364,9149,20142,8887,false
Ryan,2013,10260,8887,18624,8394,false
Ryan,2014,9649,8394,17077,,false
Ryan,2015,9149,8394,16381,,false
Ryan,2016,8887,8394,15213,,false
Ryan,2017,8394,8394,13598,,false
Steve,1910,196,196,,1485,false
Steve,1911,210,196,,1485,false
Steve,1912,492,196,,1485,false
Steve,1913,623,196,,1485,false
Steve,1914,966,210,196,1485,false
Steve,1915,1298,492,210,1270,false
Steve,1916,1355,623,492,1258,false
Steve,1917,1357,966,623,1258,false
Steve,1918,1485,1243,966,1243,false
Steve,1919,1270,1243,1298,1208,false
Steve,1920,1243,1208,1355,1194,false
Steve,1921,1258,1194,1357,1127,false
Steve,1922,1243,1127,1485,1029,false
Steve,1923,1208,1029,1485,995,false
Steve,1924,1194,995,1485,896,false
Steve,1925,1127,896,1485,844,false
Steve,1926,1029,844,1485,815,false
Steve,1927,995,815,1270,760,false
Steve,1928,896,757,1258,760,false
Steve,1929,844,757,1258,823,false
Steve,1930,815,696,1243,1062,false
Steve,1931,757,696,1208,1182,false
Steve,1932,760,696,1194,1538,false
Steve,1933,696,696,1127,1860,false
Steve,1934,753,696,1029,2353,false
Steve,1935,751,696,995,2668,false
Steve,1936,705,696,896,2810,false
Steve,1937,823,705,844,3371,false
Steve,1938,1062,705,815,4560,false
Steve,1939,1182,705,760,6227,false
Steve,1940,1538,823,760,6227,false
Steve,1941,1860,1062,823,6227,false
Steve,1942,2353,1182,1062,6227,false
Steve,1943,2668,1538,1182,6227,false
Steve,1944,2810,1860,1538,5741,false
Steve,1945,3371,2353,1860,5025,false
Steve,1946,4560,2668,2353,5059,false
Steve,1947,6227,2810,2668,5515,false
Steve,1948,5741,3371,2810,6476,false
Steve,1949,5025,4040,3371,8918,false
Steve,1950,4191,4040,4560,10094,false
Steve,1951,4040,4040,6227,11072,false
Steve,1952,4318,4040,6227,11072,false
Steve,1953,4522,4040,6227,11072,false
Steve,1954,5059,4040,6227,11072,false
Steve,1955,5515,4318,6227,11072,false
Steve,1956,6476,4522,5741,10655,false
Steve,1957,8918,5059,5025,9991,false
Steve,1958,10094,5515,5059,9168,false
Steve,1959,11072,6476,5515,8047,false
Steve,1960,10655,8047,6476,7089,true
Steve,1961,9991,7089,8918,5687,false
Steve,1962,9168,5687,10094,4624,false
Steve,1963,8047,4624,11072,3910,false
Steve,1964,7089,3910,11072,3409,false
Steve,1965,5687,3409,11072,3072,false
Steve,1966,4624,3072,11072,2929,false
Steve,1967,3910,2929,11072,2367,false
Steve,1968,3409,2367,10655,1835,false
Steve,1969,3072,1835,9991,1491,false
Steve,1970,2929,1491,9168,1435,false
Steve,1971,2367,1435,8047,1380,false
Steve,1972,1835,1376,7089,1380,false
Steve,1973,1491,1376,5687,1258,false
Steve,1974,1435,1258,4624,1228,false
Steve,1975,1376,1200,3910,1228,false
Steve,1976,1380,1200,3409,1193,false
Steve,1977,1258,1193,3072,1095,false
Steve,1978,1200,1095,2929,1032,false
Steve,1979,1228,979,2367,1032,false
Steve,1980,1193,979,1835,1004,false
Steve,1981,1095,979,1491,968,false
Steve,1982,979,949,1435,968,false
Steve,1983,1032,947,1380,968,false
Steve,1984,1004,947,1380,968,false
Steve,1985,949,906,1258,968,false
Steve,1986,947,906,1228,968,false
Steve,1987,964,906,1228,835,false
Steve,1988,906,835,1193,828,false
Steve,1989,968,828,1095,795,false
Steve,1990,968,795,1032,710,false
Steve,1991,835,672,1032,710,false
Steve,1992,828,672,1004,615,false
Steve,1993,795,604,968,615,false
Steve,1994,672,573,968,615,false
Steve,1995,710,573,968,615,false
Steve,1996,604,573,968,608,false
Steve,1997,573,573,968,591,false
Steve,1998,595,573,968,512,false
Steve,1999,615,503,835,512,false
Steve,2000,608,503,828,430,false
Steve,2001,591,423,795,430,false
Steve,2002,503,423,710,422,false
Steve,2003,512,422,710,386,false
Steve,2004,423,386,615,377,false
Steve,2005,430,377,615,363,false
Steve,2006,422,363,615,270,false
Steve,2007,386,230,615,270,false
Steve,2008,377,230,608,255,false
Steve,2009,363,230,591,190,false
Steve,2010,230,185,512,190,false
Steve,2011,270,185,512,170,false
Steve,2012,255,170,430,147,false
Steve,2013,185,147,430,132,false
Steve,2014,190,132,422,,false
Steve,2015,170,132,386,,false
Steve,2016,147,132,377,,false
Steve,2017,132,132,363,,false
Terry,1910,5,5,,87,false
Terry,1911,5,5,,87,false
Terry,1912,14,5,,107,false
Terry,1913,34,5,,126,false
Terry,1914,31,5,5,127,false
Terry,1915,76,14,5,127,false
Terry,1916,42,31,14,141,false
Terry,1917,64,31,34,217,false
Terry,1918,87,42,34,217,false
Terry,1919,58,42,76,240,false
Terry,1920,107,58,76,253,false
Terry,1921,126,58,76,259,false
Terry,1922,127,58,87,355,false
Terry,1923,126,107,87,355,false
Terry,1924,141,126,107,486,false
Terry,1925,217,126,126,646,false
Terry,1926,208,126,127,788,false
Terry,1927,240,141,127,1062,false
Terry,1928,253,208,141,1410,false
Terry,1929,259,208,217,1857,false
Terry,1930,355,240,217,2537,false
Terry,1931,313,253,240,2696,false
Terry,1932,486,259,253,3281,false
Terry,1933,646,313,259,3987,false
Terry,1934,788,313,355,5597,false
Terry,1935,1062,486,355,6632,false
Terry,1936,1410,646,486,6857,false
Terry,1937,1857,788,646,7749,false
Terry,1938,2537,1062,788,12581,false
Terry,1939,2696,1410,1062,15027,false
Terry,1940,3281,1857,1410,15027,false
Terry,1941,3987,2537,1857,15027,false
Terry,1942,5597,2696,2537,15027,false
Terry,1943,6632,3281,2696,15258,false
Terry,1944,6857,3987,3281,15473,false
Terry,1945,7749,5597,3987,16626,false
Terry,1946,12581,6632,5597,20340,false
Terry,1947,15027,6857,6632,20934,false
Terry,1948,14396,7749,6857,20934,false
Terry,1949,14243,12581,7749,20934,false
Terry,1950,13950,13950,12581,20934,false
Terry,1951,15258,13950,15027,20934,false
Terry,1952,15473,13950,15027,20865,false
Terry,1953,16626,13950,15027,20865,false
Terry,1954,20340,15258,15027,20317,false
Terry,1955,20934,15473,15258,19761,false
Terry,1956,20319,16626,15473,18751,false
Terry,1957,20865,18751,16626,17549,true
Terry,1958,20317,17549,20340,16331,false
Terry,1959,19761,16331,20934,15982,false
Terry,1960,18751,15982,20934,13762,false
Terry,1961,17549,13762,20934,11091,false
Terry,1962,16331,11091,20934,10146,false
Terry,1963,15982,10146,20934,9265,false
Terry,1964,13762,9265,20865,8466,false
Terry,1965,11091,8466,20865,7637,false
Terry,1966,10146,7637,20317,7274,false
Terry,1967,9265,7274,19761,6814,false
Terry,1968,8466,6814,18751,5483,false
Terry,1969,7637,5483,17549,4982,false
Terry,1970,7274,4982,16331,4502,false
Terry,1971,6814,4502,15982,4429,false
Terry,1972,5483,4429,13762,4009,false
Terry,1973,4982,4009,11091,3687,false
Terry,1974,4502,3687,10146,3315,false
Terry,1975,4429,3315,9265,3269,false
Terry,1976,4009,3269,8466,3203,false
Terry,1977,3687,3203,7637,2974,false
Terry,1978,3315,2974,7274,2933,false
Terry,1979,3269,2933,6814,2629,false
Terry,1980,3203,2629,5483,2493,false
Terry,1981,2974,2433,4982,2493,false
Terry,1982,2933,2433,4502,2307,false
Terry,1983,2629,2307,4429,2180,false
Terry,1984,2433,2180,4009,2131,false
Terry,1985,2493,2131,3687,2060,false
Terry,1986,2307,2060,3315,1950,false
Terry,1987,2180,1950,3269,1754,false
Terry,1988,2131,1754,3203,1628,false
Terry,1989,2060,1628,2974,1450,false
Terry,1990,1950,1450,2933,1199,false
Terry,1991,1754,1199,2629,1150,false
Terry,1992,1628,1150,2493,1089,false
Terry,1993,1450,1089,2493,1030,false
Terry,1994,1199,1030,2307,961,false
Terry,1995,1150,961,2180,883,false
Terry,1996,1089,883,2131,826,false
Terry,1997,1030,826,2060,778,false
Terry,1998,961,778,1950,671,false
Terry,1999,883,671,1754,662,false
Terry,2000,826,641,1628,662,false
Terry,2001,778,624,1450,662,false
Terry,2002,671,624,1199,579,false
Terry,2003,641,572,1150,579,false
Terry,2004,624,572,1089,556,false
Terry,2005,662,556,1030,482,false
Terry,2006,572,446,961,482,false
Terry,2007,579,446,883,442,false
Terry,2008,556,442,826,442,false
Terry,2009,446,442,778,391,false
Terry,2010,482,389,671,391,false
Terry,2011,442,389,662,361,false
Terry,2012,442,352,662,361,false
Terry,2013,389,352,662,316,false
Terry,2014,391,316,579,,false
Terry,2015,352,316,579,,false
Terry,2016,361,316,556,,false
Terry,2017,316,316,482,,false
